Fruit weight (g),Fruit Length (cm),Fruit Girth (cm),Caliper (mm),Maturity Index
22.43,8.41,2.36,9.22,10
21.43,7.41,1.36,8.22,10
20.43,6.41,0.36,7.22,10
19.43,5.41,-0.64,6.22,10
18.43,4.41,-1.64,5.22,10
17.43,3.41,-2.64,4.22,10
16.43,2.41,-3.64,3.22,10
15.43,1.41,-4.64,2.22,10
14.43,0.41,-5.64,1.22,10
13.43,-0.59,-6.64,0.220000000000001,10
12.43,-1.59,-7.64,-0.779999999999999,10
15.43,1.41,-4.64,2.22,10
20.43,6.41,0.359999999999999,7.22,10
15.93,1.91,-4.14,2.72,10
21.43,7.41,1.36,8.22,10
25.43,11.41,5.36,12.22,10
18.93,4.91,-1.14,5.72,10
19.93,5.91,-0.140000000000001,6.72,10
20.93,6.91,0.859999999999999,7.72,10
18.43,4.41,-1.64,5.22,10
21.43,7.41,1.36,8.22,10
24.93,10.91,4.86,11.72,10
21.43,7.41,1.36,8.22,10
22.43,8.41,2.36,9.22,10
23.43,9.41,3.36,10.22,10
25.43,11.41,5.36,12.22,10
25.93,11.91,5.86,12.72,10
27.43,13.41,7.36,14.22,10
28.43,14.41,8.36,15.22,10
29.43,15.41,9.36,16.22,10
30.43,16.41,10.36,17.22,10
25.43,11.41,5.36,12.22,10
28.43,14.41,8.36,15.22,10
34.43,20.41,14.36,21.22,10
28.43,14.41,8.36,15.22,10
29.43,15.41,9.36,16.22,10
30.43,16.41,10.36,17.22,10
29.93,15.91,9.86,16.72,10
35.43,21.41,15.36,22.22,10
34.43,20.41,14.36,21.22,10
32.93,18.91,12.86,19.72,10
33.93,19.91,13.86,20.72,10
34.93,20.91,14.86,21.72,10
22.93,8.91,2.86,9.72,10
26.93,12.91,6.86,13.72,10
19.93,5.91,-0.140000000000001,6.72,10
22.93,8.91,2.86,9.72,10
20.93,6.91,0.859999999999999,7.72,10
18.93,4.91,-1.14,5.72,10
16.93,2.91,-3.14,3.72,10
19.93,5.91,-0.140000000000001,6.72,10
17.93,3.91,-2.14,4.72,10
21.93,7.91,1.86,8.72,10
21.93,7.91,1.86,8.72,10
16.93,2.91,-3.14,3.72,10
14.93,0.91,-5.14,1.72,10
20.93,6.91,0.859999999999999,7.72,10
18.93,4.91,-1.14,5.72,10
22.93,8.91,2.86,9.72,10
21.93,7.91,1.86,8.72,10
24.93,10.91,4.86,11.72,10
23.93,9.91,3.86,10.72,10
26.93,12.91,6.86,13.72,10
25.93,11.91,5.86,12.72,10
22.93,8.91,2.86,9.72,10
24.93,10.91,4.86,11.72,10
25.93,11.91,5.86,12.72,10
22.93,8.91,2.86,9.72,10
24.93,10.91,4.86,11.72,10
23.93,9.91,3.86,10.72,10
20.93,6.91,0.859999999999999,7.72,10
22.93,8.91,2.86,9.72,10
23.93,9.91,3.86,10.72,10
20.93,6.91,0.859999999999999,7.72,10
22.93,8.91,2.86,9.72,10
21.93,7.91,1.86,8.72,10
18.93,4.91,-1.14,5.72,10
20.93,6.91,0.859999999999999,7.72,10
21.93,7.91,1.86,8.72,10
18.93,4.91,-1.14,5.72,10
20.93,6.91,0.859999999999999,7.72,10
19.93,5.91,-0.140000000000001,6.72,10
16.93,2.91,-3.14,3.72,10
19.93,5.91,-0.140000000000001,6.72,10
20.93,6.91,0.859999999999999,7.72,10
17.93,3.91,-2.14,4.72,10
19.93,5.91,-0.140000000000001,6.72,10
20.93,6.91,0.859999999999999,7.72,10
19.93,5.91,-0.140000000000001,6.72,10
21.93,7.91,1.86,8.72,10
19.93,5.91,-0.140000000000001,6.72,10
16.93,2.91,-3.14,3.72,10
20.93,6.91,0.859999999999999,7.72,10
21.93,7.91,1.86,8.72,10
18.93,4.91,-1.14,5.72,10
20.93,6.91,0.859999999999999,7.72,10
19.93,5.91,-0.140000000000001,6.72,10
20.93,6.91,0.859999999999999,7.72,10
22.93,8.91,2.86,9.72,10
20.93,6.91,0.859999999999999,7.72,10
35.42,10.03,3.72,11.92,20
34.42,9.03,2.72,10.92,20
33.42,8.03,1.72,9.92,20
32.42,7.03,0.72,8.92,20
31.42,6.03,-0.28,7.92,20
30.42,5.03,-1.28,6.92,20
29.42,4.03,-2.28,5.92,20
28.42,3.03,-3.28,4.92,20
27.42,2.03,-4.28,3.92,20
26.42,1.03,-5.28,2.92,20
25.42,0.029999999999999,-6.28,1.92,20
28.42,3.03,-3.28,4.92,20
33.42,8.03,1.72,9.92,20
28.92,3.53,-2.78,5.42,20
34.42,9.03,2.72,10.92,20
38.42,13.03,6.72,14.92,20
31.92,6.53,0.220000000000001,8.42,20
32.92,7.53,1.22,9.42,20
33.92,8.53,2.22,10.42,20
31.42,6.03,-0.279999999999999,7.92,20
34.42,9.03,2.72,10.92,20
37.92,12.53,6.22,14.42,20
34.42,9.03,2.72,10.92,20
35.42,10.03,3.72,11.92,20
36.42,11.03,4.72,12.92,20
38.42,13.03,6.72,14.92,20
38.92,13.53,7.22,15.42,20
40.42,15.03,8.72,16.92,20
41.42,16.03,9.72,17.92,20
42.42,17.03,10.72,18.92,20
43.42,18.03,11.72,19.92,20
38.42,13.03,6.72,14.92,20
41.42,16.03,9.72,17.92,20
47.42,22.03,15.72,23.92,20
41.42,16.03,9.72,17.92,20
42.42,17.03,10.72,18.92,20
43.42,18.03,11.72,19.92,20
42.92,17.53,11.22,19.42,20
48.42,23.03,16.72,24.92,20
47.42,22.03,15.72,23.92,20
45.92,20.53,14.22,22.42,20
46.92,21.53,15.22,23.42,20
47.92,22.53,16.22,24.42,20
35.92,10.53,4.22,12.42,20
39.92,14.53,8.22,16.42,20
32.92,7.53,1.22,9.42,20
35.92,10.53,4.22,12.42,20
33.92,8.53,2.22,10.42,20
31.92,6.53,0.220000000000001,8.42,20
29.92,4.53,-1.78,6.42,20
32.92,7.53,1.22,9.42,20
30.92,5.53,-0.780000000000001,7.42,20
34.92,9.53,3.22,11.42,20
34.92,9.53,3.22,11.42,20
29.92,4.53,-1.78,6.42,20
27.92,2.53,-3.78,4.42,20
33.92,8.53,2.22,10.42,20
31.92,6.53,0.219999999999999,8.42,20
35.92,10.53,4.22,12.42,20
34.92,9.53,3.22,11.42,20
37.92,12.53,6.22,14.42,20
36.92,11.53,5.22,13.42,20
39.92,14.53,8.22,16.42,20
38.92,13.53,7.22,15.42,20
35.92,10.53,4.22,12.42,20
37.92,12.53,6.22,14.42,20
38.92,13.53,7.22,15.42,20
35.92,10.53,4.22,12.42,20
37.92,12.53,6.22,14.42,20
36.92,11.53,5.22,13.42,20
33.92,8.53,2.22,10.42,20
35.92,10.53,4.22,12.42,20
36.92,11.53,5.22,13.42,20
33.92,8.53,2.22,10.42,20
35.92,10.53,4.22,12.42,20
34.92,9.53,3.22,11.42,20
31.92,6.53,0.219999999999999,8.42,20
33.92,8.53,2.22,10.42,20
34.92,9.53,3.22,11.42,20
31.92,6.53,0.219999999999999,8.42,20
33.92,8.53,2.22,10.42,20
32.92,7.53,1.22,9.42,20
29.92,4.53,-1.78,6.42,20
32.92,7.53,1.22,9.42,20
33.92,8.53,2.22,10.42,20
30.92,5.53,-0.780000000000001,7.42,20
32.92,7.53,1.22,9.42,20
33.92,8.53,2.22,10.42,20
32.92,7.53,1.22,9.42,20
34.92,9.53,3.22,11.42,20
32.92,7.53,1.22,9.42,20
29.92,4.53,-1.78,6.42,20
33.92,8.53,2.22,10.42,20
34.92,9.53,3.22,11.42,20
31.92,6.53,0.219999999999999,8.42,20
33.92,8.53,2.22,10.42,20
32.92,7.53,1.22,9.42,20
33.92,8.53,2.22,10.42,20
35.92,10.53,4.22,12.42,20
33.92,8.53,2.22,10.42,20
52.46,10.43,4.85,14.72,30
51.46,9.43,3.85,13.72,30
50.46,8.43,2.85,12.72,30
49.46,7.43,1.85,11.72,30
48.46,6.43,0.85,10.72,30
47.46,5.43,-0.15,9.72,30
46.46,4.43,-1.15,8.72,30
45.46,3.43,-2.15,7.72,30
44.46,2.43,-3.15,6.72,30
43.46,1.43,-4.15,5.72,30
42.46,0.43,-5.15,4.72,30
45.46,3.43,-2.15,7.72,30
50.46,8.43,2.85,12.72,30
45.96,3.93,-1.65,8.22,30
51.46,9.43,3.85,13.72,30
55.46,13.43,7.85,17.72,30
48.96,6.93,1.35,11.22,30
49.96,7.93,2.35,12.22,30
50.96,8.93,3.35,13.22,30
48.46,6.43,0.85,10.72,30
51.46,9.43,3.85,13.72,30
54.96,12.93,7.35,17.22,30
51.46,9.43,3.85,13.72,30
52.46,10.43,4.85,14.72,30
53.46,11.43,5.85,15.72,30
55.46,13.43,7.85,17.72,30
55.96,13.93,8.35,18.22,30
57.46,15.43,9.85,19.72,30
58.46,16.43,10.85,20.72,30
59.46,17.43,11.85,21.72,30
60.46,18.43,12.85,22.72,30
55.46,13.43,7.85,17.72,30
58.46,16.43,10.85,20.72,30
64.46,22.43,16.85,26.72,30
58.46,16.43,10.85,20.72,30
59.46,17.43,11.85,21.72,30
60.46,18.43,12.85,22.72,30
59.96,17.93,12.35,22.22,30
65.46,23.43,17.85,27.72,30
64.46,22.43,16.85,26.72,30
62.96,20.93,15.35,25.22,30
63.96,21.93,16.35,26.22,30
64.96,22.93,17.35,27.22,30
52.96,10.93,5.35,15.22,30
56.96,14.93,9.35,19.22,30
49.96,7.93,2.35,12.22,30
52.96,10.93,5.35,15.22,30
50.96,8.93,3.35,13.22,30
48.96,6.93,1.35,11.22,30
46.96,4.93,-0.649999999999999,9.22,30
49.96,7.93,2.35,12.22,30
47.96,5.93,0.350000000000001,10.22,30
51.96,9.93,4.35,14.22,30
51.96,9.93,4.35,14.22,30
46.96,4.93,-0.649999999999999,9.22,30
44.96,2.93,-2.65,7.22,30
50.96,8.93,3.35,13.22,30
48.96,6.93,1.35,11.22,30
52.96,10.93,5.35,15.22,30
51.96,9.93,4.35,14.22,30
54.96,12.93,7.35,17.22,30
53.96,11.93,6.35,16.22,30
56.96,14.93,9.35,19.22,30
55.96,13.93,8.35,18.22,30
52.96,10.93,5.35,15.22,30
54.96,12.93,7.35,17.22,30
55.96,13.93,8.35,18.22,30
52.96,10.93,5.35,15.22,30
54.96,12.93,7.35,17.22,30
53.96,11.93,6.35,16.22,30
50.96,8.93,3.35,13.22,30
52.96,10.93,5.35,15.22,30
53.96,11.93,6.35,16.22,30
50.96,8.93,3.35,13.22,30
52.96,10.93,5.35,15.22,30
51.96,9.93,4.35,14.22,30
48.96,6.93,1.35,11.22,30
50.96,8.93,3.35,13.22,30
51.96,9.93,4.35,14.22,30
48.96,6.93,1.35,11.22,30
50.96,8.93,3.35,13.22,30
49.96,7.93,2.35,12.22,30
46.96,4.93,-0.649999999999999,9.22,30
49.96,7.93,2.35,12.22,30
50.96,8.93,3.35,13.22,30
47.96,5.93,0.350000000000001,10.22,30
49.96,7.93,2.35,12.22,30
50.96,8.93,3.35,13.22,30
49.96,7.93,2.35,12.22,30
51.96,9.93,4.35,14.22,30
49.96,7.93,2.35,12.22,30
46.96,4.93,-0.649999999999999,9.22,30
50.96,8.93,3.35,13.22,30
51.96,9.93,4.35,14.22,30
48.96,6.93,1.35,11.22,30
50.96,8.93,3.35,13.22,30
49.96,7.93,2.35,12.22,30
50.96,8.93,3.35,13.22,30
52.96,10.93,5.35,15.22,30
50.96,8.93,3.35,13.22,30
66.1,12.1,7.42,19.22,40
65.1,11.1,6.42,18.22,40
64.1,10.1,5.42,17.22,40
63.1,9.1,4.42,16.22,40
62.1,8.1,3.42,15.22,40
61.1,7.1,2.42,14.22,40
60.1,6.1,1.42,13.22,40
59.1,5.1,0.42,12.22,40
58.1,4.1,-0.58,11.22,40
57.1,3.1,-1.58,10.22,40
56.1,2.1,-2.58,9.22,40
59.1,5.1,0.42,12.22,40
64.1,10.1,5.42,17.22,40
59.6,5.6,0.92,12.72,40
65.1,11.1,6.42,18.22,40
69.1,15.1,10.42,22.22,40
62.6,8.6,3.92,15.72,40
63.6,9.6,4.92,16.72,40
64.6,10.6,5.92,17.72,40
62.1,8.1,3.42,15.22,40
65.1,11.1,6.42,18.22,40
68.6,14.6,9.92,21.72,40
65.1,11.1,6.42,18.22,40
66.1,12.1,7.42,19.22,40
67.1,13.1,8.42,20.22,40
69.1,15.1,10.42,22.22,40
69.6,15.6,10.92,22.72,40
71.1,17.1,12.42,24.22,40
72.1,18.1,13.42,25.22,40
73.1,19.1,14.42,26.22,40
74.1,20.1,15.42,27.22,40
69.1,15.1,10.42,22.22,40
72.1,18.1,13.42,25.22,40
78.1,24.1,19.42,31.22,40
72.1,18.1,13.42,25.22,40
73.1,19.1,14.42,26.22,40
74.1,20.1,15.42,27.22,40
73.6,19.6,14.92,26.72,40
79.1,25.1,20.42,32.22,40
78.1,24.1,19.42,31.22,40
76.6,22.6,17.92,29.72,40
77.6,23.6,18.92,30.72,40
78.6,24.6,19.92,31.72,40
66.6,12.6,7.92,19.72,40
70.6,16.6,11.92,23.72,40
63.6,9.6,4.92,16.72,40
66.6,12.6,7.92,19.72,40
64.6,10.6,5.92,17.72,40
62.6,8.6,3.92,15.72,40
60.6,6.6,1.92,13.72,40
63.6,9.6,4.92,16.72,40
61.6,7.6,2.92,14.72,40
65.6,11.6,6.92,18.72,40
65.6,11.6,6.92,18.72,40
60.6,6.6,1.92,13.72,40
58.6,4.6,-0.079999999999998,11.72,40
64.6,10.6,5.92,17.72,40
62.6,8.6,3.92,15.72,40
66.6,12.6,7.92,19.72,40
65.6,11.6,6.92,18.72,40
68.6,14.6,9.92,21.72,40
67.6,13.6,8.92,20.72,40
70.6,16.6,11.92,23.72,40
69.6,15.6,10.92,22.72,40
66.6,12.6,7.92,19.72,40
68.6,14.6,9.92,21.72,40
69.6,15.6,10.92,22.72,40
66.6,12.6,7.92,19.72,40
68.6,14.6,9.92,21.72,40
67.6,13.6,8.92,20.72,40
64.6,10.6,5.92,17.72,40
66.6,12.6,7.92,19.72,40
67.6,13.6,8.92,20.72,40
64.6,10.6,5.92,17.72,40
66.6,12.6,7.92,19.72,40
65.6,11.6,6.92,18.72,40
62.6,8.6,3.92,15.72,40
64.6,10.6,5.92,17.72,40
65.6,11.6,6.92,18.72,40
62.6,8.6,3.92,15.72,40
64.6,10.6,5.92,17.72,40
63.6,9.6,4.92,16.72,40
60.6,6.6,1.92,13.72,40
63.6,9.6,4.92,16.72,40
64.6,10.6,5.92,17.72,40
61.6,7.6,2.92,14.72,40
63.6,9.6,4.92,16.72,40
64.6,10.6,5.92,17.72,40
63.6,9.6,4.92,16.72,40
65.6,11.6,6.92,18.72,40
63.6,9.6,4.92,16.72,40
60.6,6.6,1.92,13.72,40
64.6,10.6,5.92,17.72,40
65.6,11.6,6.92,18.72,40
62.6,8.6,3.92,15.72,40
64.6,10.6,5.92,17.72,40
63.6,9.6,4.92,16.72,40
64.6,10.6,5.92,17.72,40
66.6,12.6,7.92,19.72,40
64.6,10.6,5.92,17.72,40
88.24,13.26,10.33,29.79,50
87.24,12.26,9.33,28.79,50
86.24,11.26,8.33,27.79,50
85.24,10.26,7.33,26.79,50
84.24,9.26,6.33,25.79,50
83.24,8.26,5.33,24.79,50
82.24,7.26,4.33,23.79,50
81.24,6.26,3.33,22.79,50
80.24,5.26,2.33,21.79,50
79.24,4.26,1.33,20.79,50
78.24,3.26,0.33,19.79,50
81.24,6.26,3.33,22.79,50
86.24,11.26,8.33,27.79,50
81.74,6.76,3.83,23.29,50
87.24,12.26,9.33,28.79,50
91.24,16.26,13.33,32.79,50
84.74,9.76,6.83,26.29,50
85.74,10.76,7.83,27.29,50
86.74,11.76,8.83,28.29,50
84.24,9.26,6.33,25.79,50
87.24,12.26,9.33,28.79,50
90.74,15.76,12.83,32.29,50
87.24,12.26,9.33,28.79,50
88.24,13.26,10.33,29.79,50
89.24,14.26,11.33,30.79,50
91.24,16.26,13.33,32.79,50
91.74,16.76,13.83,33.29,50
93.24,18.26,15.33,34.79,50
94.24,19.26,16.33,35.79,50
95.24,20.26,17.33,36.79,50
96.24,21.26,18.33,37.79,50
91.24,16.26,13.33,32.79,50
94.24,19.26,16.33,35.79,50
100.24,25.26,22.33,41.79,50
94.24,19.26,16.33,35.79,50
95.24,20.26,17.33,36.79,50
96.24,21.26,18.33,37.79,50
95.74,20.76,17.83,37.29,50
101.24,26.26,23.33,42.79,50
100.24,25.26,22.33,41.79,50
98.74,23.76,20.83,40.29,50
99.74,24.76,21.83,41.29,50
100.74,25.76,22.83,42.29,50
88.74,13.76,10.83,30.29,50
92.74,17.76,14.83,34.29,50
85.74,10.76,7.83,27.29,50
88.74,13.76,10.83,30.29,50
86.74,11.76,8.83,28.29,50
84.74,9.76,6.83,26.29,50
82.74,7.76,4.83,24.29,50
85.74,10.76,7.83,27.29,50
83.74,8.76,5.83,25.29,50
87.74,12.76,9.83,29.29,50
87.74,12.76,9.83,29.29,50
82.74,7.76,4.83,24.29,50
80.74,5.76,2.83,22.29,50
86.74,11.76,8.83,28.29,50
84.74,9.76,6.83,26.29,50
88.74,13.76,10.83,30.29,50
87.74,12.76,9.83,29.29,50
90.74,15.76,12.83,32.29,50
89.74,14.76,11.83,31.29,50
92.74,17.76,14.83,34.29,50
91.74,16.76,13.83,33.29,50
88.74,13.76,10.83,30.29,50
90.74,15.76,12.83,32.29,50
91.74,16.76,13.83,33.29,50
88.74,13.76,10.83,30.29,50
90.74,15.76,12.83,32.29,50
89.74,14.76,11.83,31.29,50
86.74,11.76,8.83,28.29,50
88.74,13.76,10.83,30.29,50
89.74,14.76,11.83,31.29,50
86.74,11.76,8.83,28.29,50
88.74,13.76,10.83,30.29,50
87.74,12.76,9.83,29.29,50
84.74,9.76,6.83,26.29,50
86.74,11.76,8.83,28.29,50
87.74,12.76,9.83,29.29,50
84.74,9.76,6.83,26.29,50
86.74,11.76,8.83,28.29,50
85.74,10.76,7.83,27.29,50
82.74,7.76,4.83,24.29,50
85.74,10.76,7.83,27.29,50
86.74,11.76,8.83,28.29,50
83.74,8.76,5.83,25.29,50
85.74,10.76,7.83,27.29,50
86.74,11.76,8.83,28.29,50
85.74,10.76,7.83,27.29,50
87.74,12.76,9.83,29.29,50
85.74,10.76,7.83,27.29,50
82.74,7.76,4.83,24.29,50
86.74,11.76,8.83,28.29,50
87.74,12.76,9.83,29.29,50
84.74,9.76,6.83,26.29,50
86.74,11.76,8.83,28.29,50
85.74,10.76,7.83,27.29,50
86.74,11.76,8.83,28.29,50
88.74,13.76,10.83,30.29,50
86.74,11.76,8.83,28.29,50
115.84,15.22,14.17,35.75,60
114.84,14.22,13.17,34.75,60
113.84,13.22,12.17,33.75,60
112.84,12.22,11.17,32.75,60
111.84,11.22,10.17,31.75,60
110.84,10.22,9.17,30.75,60
109.84,9.22,8.17,29.75,60
108.84,8.22,7.17,28.75,60
107.84,7.22,6.17,27.75,60
106.84,6.22,5.17,26.75,60
105.84,5.22,4.17,25.75,60
108.84,8.22,7.17,28.75,60
113.84,13.22,12.17,33.75,60
109.34,8.72,7.67,29.25,60
114.84,14.22,13.17,34.75,60
118.84,18.22,17.17,38.75,60
112.34,11.72,10.67,32.25,60
113.34,12.72,11.67,33.25,60
114.34,13.72,12.67,34.25,60
111.84,11.22,10.17,31.75,60
114.84,14.22,13.17,34.75,60
118.34,17.72,16.67,38.25,60
114.84,14.22,13.17,34.75,60
115.84,15.22,14.17,35.75,60
116.84,16.22,15.17,36.75,60
118.84,18.22,17.17,38.75,60
119.34,18.72,17.67,39.25,60
120.84,20.22,19.17,40.75,60
121.84,21.22,20.17,41.75,60
122.84,22.22,21.17,42.75,60
123.84,23.22,22.17,43.75,60
118.84,18.22,17.17,38.75,60
121.84,21.22,20.17,41.75,60
127.84,27.22,26.17,47.75,60
121.84,21.22,20.17,41.75,60
122.84,22.22,21.17,42.75,60
123.84,23.22,22.17,43.75,60
123.34,22.72,21.67,43.25,60
128.84,28.22,27.17,48.75,60
127.84,27.22,26.17,47.75,60
126.34,25.72,24.67,46.25,60
127.34,26.72,25.67,47.25,60
128.34,27.72,26.67,48.25,60
116.34,15.72,14.67,36.25,60
120.34,19.72,18.67,40.25,60
113.34,12.72,11.67,33.25,60
116.34,15.72,14.67,36.25,60
114.34,13.72,12.67,34.25,60
112.34,11.72,10.67,32.25,60
110.34,9.72,8.67,30.25,60
113.34,12.72,11.67,33.25,60
111.34,10.72,9.67,31.25,60
115.34,14.72,13.67,35.25,60
115.34,14.72,13.67,35.25,60
110.34,9.72,8.67,30.25,60
108.34,7.72,6.67,28.25,60
114.34,13.72,12.67,34.25,60
112.34,11.72,10.67,32.25,60
116.34,15.72,14.67,36.25,60
115.34,14.72,13.67,35.25,60
118.34,17.72,16.67,38.25,60
117.34,16.72,15.67,37.25,60
120.34,19.72,18.67,40.25,60
119.34,18.72,17.67,39.25,60
116.34,15.72,14.67,36.25,60
118.34,17.72,16.67,38.25,60
119.34,18.72,17.67,39.25,60
116.34,15.72,14.67,36.25,60
118.34,17.72,16.67,38.25,60
117.34,16.72,15.67,37.25,60
114.34,13.72,12.67,34.25,60
116.34,15.72,14.67,36.25,60
117.34,16.72,15.67,37.25,60
114.34,13.72,12.67,34.25,60
116.34,15.72,14.67,36.25,60
115.34,14.72,13.67,35.25,60
112.34,11.72,10.67,32.25,60
114.34,13.72,12.67,34.25,60
115.34,14.72,13.67,35.25,60
112.34,11.72,10.67,32.25,60
114.34,13.72,12.67,34.25,60
113.34,12.72,11.67,33.25,60
110.34,9.72,8.67,30.25,60
113.34,12.72,11.67,33.25,60
114.34,13.72,12.67,34.25,60
111.34,10.72,9.67,31.25,60
113.34,12.72,11.67,33.25,60
114.34,13.72,12.67,34.25,60
113.34,12.72,11.67,33.25,60
115.34,14.72,13.67,35.25,60
113.34,12.72,11.67,33.25,60
110.34,9.72,8.67,30.25,60
114.34,13.72,12.67,34.25,60
115.34,14.72,13.67,35.25,60
112.34,11.72,10.67,32.25,60
114.34,13.72,12.67,34.25,60
113.34,12.72,11.67,33.25,60
114.34,13.72,12.67,34.25,60
116.34,15.72,14.67,36.25,60
114.34,13.72,12.67,34.25,60
145.22,17.35,16.54,41.71,70
144.22,16.35,15.54,40.71,70
143.22,15.35,14.54,39.71,70
142.22,14.35,13.54,38.71,70
141.22,13.35,12.54,37.71,70
140.22,12.35,11.54,36.71,70
139.22,11.35,10.54,35.71,70
138.22,10.35,9.54,34.71,70
137.22,9.35,8.54,33.71,70
136.22,8.35,7.54,32.71,70
135.22,7.35,6.54,31.71,70
138.22,10.35,9.54,34.71,70
143.22,15.35,14.54,39.71,70
138.72,10.85,10.04,35.21,70
144.22,16.35,15.54,40.71,70
148.22,20.35,19.54,44.71,70
141.72,13.85,13.04,38.21,70
142.72,14.85,14.04,39.21,70
143.72,15.85,15.04,40.21,70
141.22,13.35,12.54,37.71,70
144.22,16.35,15.54,40.71,70
147.72,19.85,19.04,44.21,70
144.22,16.35,15.54,40.71,70
145.22,17.35,16.54,41.71,70
146.22,18.35,17.54,42.71,70
148.22,20.35,19.54,44.71,70
148.72,20.85,20.04,45.21,70
150.22,22.35,21.54,46.71,70
151.22,23.35,22.54,47.71,70
152.22,24.35,23.54,48.71,70
153.22,25.35,24.54,49.71,70
148.22,20.35,19.54,44.71,70
151.22,23.35,22.54,47.71,70
157.22,29.35,28.54,53.71,70
151.22,23.35,22.54,47.71,70
152.22,24.35,23.54,48.71,70
153.22,25.35,24.54,49.71,70
152.72,24.85,24.04,49.21,70
158.22,30.35,29.54,54.71,70
157.22,29.35,28.54,53.71,70
155.72,27.85,27.04,52.21,70
156.72,28.85,28.04,53.21,70
157.72,29.85,29.04,54.21,70
145.72,17.85,17.04,42.21,70
149.72,21.85,21.04,46.21,70
142.72,14.85,14.04,39.21,70
145.72,17.85,17.04,42.21,70
143.72,15.85,15.04,40.21,70
141.72,13.85,13.04,38.21,70
139.72,11.85,11.04,36.21,70
142.72,14.85,14.04,39.21,70
140.72,12.85,12.04,37.21,70
144.72,16.85,16.04,41.21,70
144.72,16.85,16.04,41.21,70
139.72,11.85,11.04,36.21,70
137.72,9.85,9.04,34.21,70
143.72,15.85,15.04,40.21,70
141.72,13.85,13.04,38.21,70
145.72,17.85,17.04,42.21,70
144.72,16.85,16.04,41.21,70
147.72,19.85,19.04,44.21,70
146.72,18.85,18.04,43.21,70
149.72,21.85,21.04,46.21,70
148.72,20.85,20.04,45.21,70
145.72,17.85,17.04,42.21,70
147.72,19.85,19.04,44.21,70
148.72,20.85,20.04,45.21,70
145.72,17.85,17.04,42.21,70
147.72,19.85,19.04,44.21,70
146.72,18.85,18.04,43.21,70
143.72,15.85,15.04,40.21,70
145.72,17.85,17.04,42.21,70
146.72,18.85,18.04,43.21,70
143.72,15.85,15.04,40.21,70
145.72,17.85,17.04,42.21,70
144.72,16.85,16.04,41.21,70
141.72,13.85,13.04,38.21,70
143.72,15.85,15.04,40.21,70
144.72,16.85,16.04,41.21,70
141.72,13.85,13.04,38.21,70
143.72,15.85,15.04,40.21,70
142.72,14.85,14.04,39.21,70
139.72,11.85,11.04,36.21,70
142.72,14.85,14.04,39.21,70
143.72,15.85,15.04,40.21,70
140.72,12.85,12.04,37.21,70
142.72,14.85,14.04,39.21,70
143.72,15.85,15.04,40.21,70
142.72,14.85,14.04,39.21,70
144.72,16.85,16.04,41.21,70
142.72,14.85,14.04,39.21,70
139.72,11.85,11.04,36.21,70
143.72,15.85,15.04,40.21,70
144.72,16.85,16.04,41.21,70
141.72,13.85,13.04,38.21,70
143.72,15.85,15.04,40.21,70
142.72,14.85,14.04,39.21,70
143.72,15.85,15.04,40.21,70
145.72,17.85,17.04,42.21,70
143.72,15.85,15.04,40.21,70
171.56,19.22,15.01,44.35,80
170.56,18.22,14.01,43.35,80
169.56,17.22,13.01,42.35,80
168.56,16.22,12.01,41.35,80
167.56,15.22,11.01,40.35,80
166.56,14.22,10.01,39.35,80
165.56,13.22,9.01,38.35,80
164.56,12.22,8.01,37.35,80
163.56,11.22,7.01,36.35,80
162.56,10.22,6.01,35.35,80
161.56,9.22,5.01,34.35,80
164.56,12.22,8.01,37.35,80
169.56,17.22,13.01,42.35,80
165.06,12.72,8.51,37.85,80
170.56,18.22,14.01,43.35,80
174.56,22.22,18.01,47.35,80
168.06,15.72,11.51,40.85,80
169.06,16.72,12.51,41.85,80
170.06,17.72,13.51,42.85,80
167.56,15.22,11.01,40.35,80
170.56,18.22,14.01,43.35,80
174.06,21.72,17.51,46.85,80
170.56,18.22,14.01,43.35,80
171.56,19.22,15.01,44.35,80
172.56,20.22,16.01,45.35,80
174.56,22.22,18.01,47.35,80
175.06,22.72,18.51,47.85,80
176.56,24.22,20.01,49.35,80
177.56,25.22,21.01,50.35,80
178.56,26.22,22.01,51.35,80
179.56,27.22,23.01,52.35,80
174.56,22.22,18.01,47.35,80
177.56,25.22,21.01,50.35,80
183.56,31.22,27.01,56.35,80
177.56,25.22,21.01,50.35,80
178.56,26.22,22.01,51.35,80
179.56,27.22,23.01,52.35,80
179.06,26.72,22.51,51.85,80
184.56,32.22,28.01,57.35,80
183.56,31.22,27.01,56.35,80
182.06,29.72,25.51,54.85,80
183.06,30.72,26.51,55.85,80
184.06,31.72,27.51,56.85,80
172.06,19.72,15.51,44.85,80
176.06,23.72,19.51,48.85,80
169.06,16.72,12.51,41.85,80
172.06,19.72,15.51,44.85,80
170.06,17.72,13.51,42.85,80
168.06,15.72,11.51,40.85,80
166.06,13.72,9.51,38.85,80
169.06,16.72,12.51,41.85,80
167.06,14.72,10.51,39.85,80
171.06,18.72,14.51,43.85,80
171.06,18.72,14.51,43.85,80
166.06,13.72,9.51,38.85,80
164.06,11.72,7.51,36.85,80
170.06,17.72,13.51,42.85,80
168.06,15.72,11.51,40.85,80
172.06,19.72,15.51,44.85,80
171.06,18.72,14.51,43.85,80
174.06,21.72,17.51,46.85,80
173.06,20.72,16.51,45.85,80
176.06,23.72,19.51,48.85,80
175.06,22.72,18.51,47.85,80
172.06,19.72,15.51,44.85,80
174.06,21.72,17.51,46.85,80
175.06,22.72,18.51,47.85,80
172.06,19.72,15.51,44.85,80
174.06,21.72,17.51,46.85,80
173.06,20.72,16.51,45.85,80
170.06,17.72,13.51,42.85,80
172.06,19.72,15.51,44.85,80
173.06,20.72,16.51,45.85,80
170.06,17.72,13.51,42.85,80
172.06,19.72,15.51,44.85,80
171.06,18.72,14.51,43.85,80
168.06,15.72,11.51,40.85,80
170.06,17.72,13.51,42.85,80
171.06,18.72,14.51,43.85,80
168.06,15.72,11.51,40.85,80
170.06,17.72,13.51,42.85,80
169.06,16.72,12.51,41.85,80
166.06,13.72,9.51,38.85,80
169.06,16.72,12.51,41.85,80
170.06,17.72,13.51,42.85,80
167.06,14.72,10.51,39.85,80
169.06,16.72,12.51,41.85,80
170.06,17.72,13.51,42.85,80
169.06,16.72,12.51,41.85,80
171.06,18.72,14.51,43.85,80
169.06,16.72,12.51,41.85,80
166.06,13.72,9.51,38.85,80
170.06,17.72,13.51,42.85,80
171.06,18.72,14.51,43.85,80
168.06,15.72,11.51,40.85,80
170.06,17.72,13.51,42.85,80
169.06,16.72,12.51,41.85,80
170.06,17.72,13.51,42.85,80
172.06,19.72,15.51,44.85,80
170.06,17.72,13.51,42.85,80
199.79,20.68,15.88,50.13,90
198.79,19.68,14.88,49.13,90
197.79,18.68,13.88,48.13,90
196.79,17.68,12.88,47.13,90
195.79,16.68,11.88,46.13,90
194.79,15.68,10.88,45.13,90
193.79,14.68,9.88,44.13,90
192.79,13.68,8.88,43.13,90
191.79,12.68,7.88,42.13,90
190.79,11.68,6.88,41.13,90
189.79,10.68,5.88,40.13,90
192.79,13.68,8.88,43.13,90
197.79,18.68,13.88,48.13,90
193.29,14.18,9.38,43.63,90
198.79,19.68,14.88,49.13,90
202.79,23.68,18.88,53.13,90
196.29,17.18,12.38,46.63,90
197.29,18.18,13.38,47.63,90
198.29,19.18,14.38,48.63,90
195.79,16.68,11.88,46.13,90
198.79,19.68,14.88,49.13,90
202.29,23.18,18.38,52.63,90
198.79,19.68,14.88,49.13,90
199.79,20.68,15.88,50.13,90
200.79,21.68,16.88,51.13,90
202.79,23.68,18.88,53.13,90
203.29,24.18,19.38,53.63,90
204.79,25.68,20.88,55.13,90
205.79,26.68,21.88,56.13,90
206.79,27.68,22.88,57.13,90
207.79,28.68,23.88,58.13,90
202.79,23.68,18.88,53.13,90
205.79,26.68,21.88,56.13,90
211.79,32.68,27.88,62.13,90
205.79,26.68,21.88,56.13,90
206.79,27.68,22.88,57.13,90
207.79,28.68,23.88,58.13,90
207.29,28.18,23.38,57.63,90
212.79,33.68,28.88,63.13,90
211.79,32.68,27.88,62.13,90
210.29,31.18,26.38,60.63,90
211.29,32.18,27.38,61.63,90
212.29,33.18,28.38,62.63,90
200.29,21.18,16.38,50.63,90
204.29,25.18,20.38,54.63,90
197.29,18.18,13.38,47.63,90
200.29,21.18,16.38,50.63,90
198.29,19.18,14.38,48.63,90
196.29,17.18,12.38,46.63,90
194.29,15.18,10.38,44.63,90
197.29,18.18,13.38,47.63,90
195.29,16.18,11.38,45.63,90
199.29,20.18,15.38,49.63,90
199.29,20.18,15.38,49.63,90
194.29,15.18,10.38,44.63,90
192.29,13.18,8.38,42.63,90
198.29,19.18,14.38,48.63,90
196.29,17.18,12.38,46.63,90
200.29,21.18,16.38,50.63,90
199.29,20.18,15.38,49.63,90
202.29,23.18,18.38,52.63,90
201.29,22.18,17.38,51.63,90
204.29,25.18,20.38,54.63,90
203.29,24.18,19.38,53.63,90
200.29,21.18,16.38,50.63,90
202.29,23.18,18.38,52.63,90
203.29,24.18,19.38,53.63,90
200.29,21.18,16.38,50.63,90
202.29,23.18,18.38,52.63,90
201.29,22.18,17.38,51.63,90
198.29,19.18,14.38,48.63,90
200.29,21.18,16.38,50.63,90
201.29,22.18,17.38,51.63,90
198.29,19.18,14.38,48.63,90
200.29,21.18,16.38,50.63,90
199.29,20.18,15.38,49.63,90
196.29,17.18,12.38,46.63,90
198.29,19.18,14.38,48.63,90
199.29,20.18,15.38,49.63,90
196.29,17.18,12.38,46.63,90
198.29,19.18,14.38,48.63,90
197.29,18.18,13.38,47.63,90
194.29,15.18,10.38,44.63,90
197.29,18.18,13.38,47.63,90
198.29,19.18,14.38,48.63,90
195.29,16.18,11.38,45.63,90
197.29,18.18,13.38,47.63,90
198.29,19.18,14.38,48.63,90
197.29,18.18,13.38,47.63,90
199.29,20.18,15.38,49.63,90
197.29,18.18,13.38,47.63,90
194.29,15.18,10.38,44.63,90
198.29,19.18,14.38,48.63,90
199.29,20.18,15.38,49.63,90
196.29,17.18,12.38,46.63,90
198.29,19.18,14.38,48.63,90
197.29,18.18,13.38,47.63,90
198.29,19.18,14.38,48.63,90
200.29,21.18,16.38,50.63,90
198.29,19.18,14.38,48.63,90
210.15,20.99,16.01,53.15,100
209.15,19.99,15.01,52.15,100
208.15,18.99,14.01,51.15,100
207.15,17.99,13.01,50.15,100
206.15,16.99,12.01,49.15,100
205.15,15.99,11.01,48.15,100
204.15,14.99,10.01,47.15,100
203.15,13.99,9.01,46.15,100
202.15,12.99,8.01,45.15,100
201.15,11.99,7.01,44.15,100
200.15,10.99,6.01,43.15,100
203.15,13.99,9.01,46.15,100
208.15,18.99,14.01,51.15,100
203.65,14.49,9.51,46.65,100
209.15,19.99,15.01,52.15,100
213.15,23.99,19.01,56.15,100
206.65,17.49,12.51,49.65,100
207.65,18.49,13.51,50.65,100
208.65,19.49,14.51,51.65,100
206.15,16.99,12.01,49.15,100
209.15,19.99,15.01,52.15,100
212.65,23.49,18.51,55.65,100
209.15,19.99,15.01,52.15,100
210.15,20.99,16.01,53.15,100
211.15,21.99,17.01,54.15,100
213.15,23.99,19.01,56.15,100
213.65,24.49,19.51,56.65,100
215.15,25.99,21.01,58.15,100
216.15,26.99,22.01,59.15,100
217.15,27.99,23.01,60.15,100
218.15,28.99,24.01,61.15,100
213.15,23.99,19.01,56.15,100
216.15,26.99,22.01,59.15,100
222.15,32.99,28.01,65.15,100
216.15,26.99,22.01,59.15,100
217.15,27.99,23.01,60.15,100
218.15,28.99,24.01,61.15,100
217.65,28.49,23.51,60.65,100
223.15,33.99,29.01,66.15,100
222.15,32.99,28.01,65.15,100
220.65,31.49,26.51,63.65,100
221.65,32.49,27.51,64.65,100
222.65,33.49,28.51,65.65,100
210.65,21.49,16.51,53.65,100
214.65,25.49,20.51,57.65,100
207.65,18.49,13.51,50.65,100
210.65,21.49,16.51,53.65,100
208.65,19.49,14.51,51.65,100
206.65,17.49,12.51,49.65,100
204.65,15.49,10.51,47.65,100
207.65,18.49,13.51,50.65,100
205.65,16.49,11.51,48.65,100
209.65,20.49,15.51,52.65,100
209.65,20.49,15.51,52.65,100
204.65,15.49,10.51,47.65,100
202.65,13.49,8.51,45.65,100
208.65,19.49,14.51,51.65,100
206.65,17.49,12.51,49.65,100
210.65,21.49,16.51,53.65,100
209.65,20.49,15.51,52.65,100
212.65,23.49,18.51,55.65,100
211.65,22.49,17.51,54.65,100
214.65,25.49,20.51,57.65,100
213.65,24.49,19.51,56.65,100
210.65,21.49,16.51,53.65,100
212.65,23.49,18.51,55.65,100
213.65,24.49,19.51,56.65,100
210.65,21.49,16.51,53.65,100
212.65,23.49,18.51,55.65,100
211.65,22.49,17.51,54.65,100
208.65,19.49,14.51,51.65,100
210.65,21.49,16.51,53.65,100
211.65,22.49,17.51,54.65,100
208.65,19.49,14.51,51.65,100
210.65,21.49,16.51,53.65,100
209.65,20.49,15.51,52.65,100
206.65,17.49,12.51,49.65,100
208.65,19.49,14.51,51.65,100
209.65,20.49,15.51,52.65,100
206.65,17.49,12.51,49.65,100
208.65,19.49,14.51,51.65,100
207.65,18.49,13.51,50.65,100
204.65,15.49,10.51,47.65,100
207.65,18.49,13.51,50.65,100
208.65,19.49,14.51,51.65,100
205.65,16.49,11.51,48.65,100
207.65,18.49,13.51,50.65,100
208.65,19.49,14.51,51.65,100
207.65,18.49,13.51,50.65,100
209.65,20.49,15.51,52.65,100
207.65,18.49,13.51,50.65,100
204.65,15.49,10.51,47.65,100
208.65,19.49,14.51,51.65,100
209.65,20.49,15.51,52.65,100
206.65,17.49,12.51,49.65,100
208.65,19.49,14.51,51.65,100
207.65,18.49,13.51,50.65,100
208.65,19.49,14.51,51.65,100
210.65,21.49,16.51,53.65,100
208.65,19.49,14.51,51.65,100
